<sitemesh>
	<property name="decorators-file" value="/WEB-INF/decorators.xml" />
	<excludes file="${decorators-file}" />
	
	<page-parsers>
        <parser content-type="text/html" class="com.opensymphony.module.sitemesh.parser.FastPageParser"/>
        <parser content-type="text/html;charset=ISO-8859-1" class="com.opensymphony.module.sitemesh.parser.FastPageParser"/>
    </page-parsers>
	<decorator-mappers>
        <mapper class="com.opensymphony.module.sitemesh.mapper.ParameterDecoratorMapper">
			<param name="decorator.parameter" value="decorator" />
		</mapper>
        <mapper class="edu.nwu.bioinformatics.commons.sitemesh.PathInfoDecoratorMapper">
            <param name="config" value="${decorators-file}"/>
        </mapper>
    </decorator-mappers>
</sitemesh>